year,BTC_Buy_and_Hold_annualized_sharpe_ratio,BTC_Buy_and_Hold_maximum_drawdown,BTC_Long_Reversal_annualized_sharpe_ratio,BTC_Long_Reversal_maximum_drawdown,BTC_Reversal_Reversal_annualized_sharpe_ratio,BTC_Reversal_Reversal_maximum_drawdown,ETH_Buy_and_Hold_annualized_sharpe_ratio,ETH_Buy_and_Hold_maximum_drawdown,ETH_Long_Reversal_annualized_sharpe_ratio,ETH_Long_Reversal_maximum_drawdown,ETH_Reversal_Reversal_annualized_sharpe_ratio,ETH_Reversal_Reversal_maximum_drawdown
2016,2.07568106399,-0.292455532696,0.703355472316,-0.424204211586,-0.230257523877,-0.457256455076,2.32884849323,-0.686804901037,2.31727855297,-0.51018671349,0.486704155386,-0.762487369403
2017,3.32679010685,-0.367631340534,3.22189825596,-0.416485114387,1.10559689622,-0.649200879461,4.03078237513,-0.584207295237,2.4083363674,-0.573564993311,-0.472430855015,-0.943278726146
2018,-1.14537420769,-0.808107871298,0.0731298376805,-0.568818051529,2.84390514117,-0.372296662308,-0.963623245778,-0.939944820015,0.354927326533,-0.730150062067,1.58267040255,-0.599859589744
2019,1.26126848782,-0.519916605436,1.31785253534,-0.644226434758,0.725481094772,-0.320729649542,0.34288152024,-0.649291912825,3.21315784101,-0.409169385141,3.73467270335,-0.278074887993
2020,2.45555149072,-0.537832588236,1.0872538793,-0.587314946389,1.02796926366,-0.480714432175,2.44111601917,-0.604802720125,2.24328848864,-0.555433649683,1.18870885295,-0.500106351064
2021,0.963266743699,-0.536935687083,1.50514053575,-0.427262933289,1.67097095216,-0.649035370059,2.03687392514,-0.595461916999,1.01973462254,-0.476092943689,1.41678287121,-0.490689341822
2022,-1.30485869764,-0.672496145414,0.229425348398,-0.519258465637,1.23016018082,-0.384886357425,-0.9490190991,-0.74903031845,0.12402077897,-0.692728321554,0.821840443496,-0.484379450291
2023,2.25731169669,-0.210140920507,1.88107696028,-0.233025532062,2.08876996581,-0.32942887882,1.64559808756,-0.27753041604,2.34739590997,-0.257851846317,-0.433771097295,-0.499794543569
2024,1.76204720273,-0.282705056771,1.66846996556,-0.315669782171,1.46757248213,-0.297072608832,0.93832461571,-0.443593535178,2.20959366136,-0.369136745073,-0.287472871315,-0.451802972977
2025,0.056940124538,-0.331044607833,0.971552561742,-0.361266236274,1.43908118586,-0.259711667295,0.152491993423,-0.612170834613,2.61518142772,-0.407072000459,2.17597014353,-0.366644377936
