year,BTC_Buy_and_Hold_annualized_volatility,BTC_Long_Reversal_annualized_volatility,BTC_Reversal_Reversal_annualized_volatility,ETH_Buy_and_Hold_annualized_volatility,ETH_Long_Reversal_annualized_volatility,ETH_Reversal_Reversal_annualized_volatility
2016,0.432009198214,0.393954889091,0.417149290534,1.27107332027,1.36501595551,1.19044840571
2017,0.937247525104,0.88037362331,0.990801617774,1.34104426745,1.3155836717,1.26427384679
2018,0.835601806119,0.813673381436,0.871167419961,1.10563559926,1.10626765463,1.15015138832
2019,0.721326010322,0.69713970327,0.718485573458,0.818722675448,0.801855517892,0.797418752725
2020,0.655108150479,0.62349599093,0.608288512871,0.859048300351,0.816201132207,0.786820290638
2021,0.834644665584,0.800818311977,0.827509354172,1.10317641211,1.1229582447,1.04041055107
2022,0.62537601884,0.607580946212,0.61630715981,0.827720093483,0.754064032052,0.791762997343
2023,0.466177345757,0.401560183546,0.443453121495,0.458737215219,0.463538317357,0.461625140673
2024,0.526694559997,0.519915816718,0.518881967488,0.610483812948,0.574441274495,0.605489820876
2025,0.444021440585,0.436493006797,0.469530245328,0.695829093103,0.707540432476,0.691716473597
