Asset,Cutoff_Hour,Best_Strategy_ID,Best_Strategy_Name,Highest_Terminal_Wealth,Buy_and_Hold_Terminal_Wealth,Excess_Wealth_over_Buy_and_Hold
BTC,0,6,Night Long / Day Long,20644.814376261438,20276.894027153514,367.92034910792427
BTC,1,6,Night Long / Day Long,20533.030029403893,20276.894027153514,256.13600225037953
BTC,2,6,Night Long / Day Long,20562.283136710208,20276.894027153514,285.38910955669417
BTC,3,6,Night Long / Day Long,20564.403703875618,20276.894027153514,287.5096767221039
BTC,4,9,Night Long / Day Reversal,23301.633609339588,20276.894027153514,3024.7395821860737
BTC,5,9,Night Long / Day Reversal,61772.85629642962,20276.894027153514,41495.962269276104
BTC,6,9,Night Long / Day Reversal,21003.615067084243,20276.894027153514,726.7210399307296
BTC,7,21,Night Reversal / Day Long,31648.338246017003,20276.894027153514,11371.44421886349
BTC,8,24,Night Reversal / Day Reversal,95015.45936450094,20276.894027153514,74738.56533734743
BTC,9,6,Night Long / Day Long,20225.641736558602,20276.894027153514,-51.252290594911756
BTC,10,6,Night Long / Day Long,20223.321799307534,20276.894027153514,-53.572227845979796
BTC,11,1,Night Cash / Day Long,29454.46216318477,20276.894027153514,9177.568136031256
ETH,0,6,Night Long / Day Long,324894.90790898557,318302.04869677144,6592.859212214127
ETH,1,6,Night Long / Day Long,323473.87817039405,318302.04869677144,5171.829473622609
ETH,2,6,Night Long / Day Long,316513.3735067091,318302.04869677144,-1788.6751900623203
ETH,3,9,Night Long / Day Reversal,557272.4086421826,318302.04869677144,238970.35994541115
ETH,4,6,Night Long / Day Long,316703.4834324581,318302.04869677144,-1598.5652643133653
ETH,5,9,Night Long / Day Reversal,18443599.107027315,318302.04869677144,18125297.058330543
ETH,6,9,Night Long / Day Reversal,6420362.027032033,318302.04869677144,6102059.978335261
ETH,7,9,Night Long / Day Reversal,828827.1578350383,318302.04869677144,510525.1091382668
ETH,8,9,Night Long / Day Reversal,5287829.198537597,318302.04869677144,4969527.149840826
ETH,9,6,Night Long / Day Long,319483.9264595206,318302.04869677144,1181.8777627491509
ETH,10,6,Night Long / Day Long,319235.71658269496,318302.04869677144,933.6678859235253
ETH,11,6,Night Long / Day Long,319324.38238452736,318302.04869677144,1022.3336877559195
