asset,transaction_cost_bps,strategy,final_wealth,total_return,mdd,sharpe_ratio,annualized_volatility,trade_count,total_turnover,trading_days,sessions
IBIT,0,primary,194.5331865601359,0.945331865601359,-0.23493257333705142,1.6588873410571898,0.46968487877827925,264,521.0,250,500
IBIT,0,buy_and_hold,93.61561277441534,-0.06384387225584665,-0.33396448797392475,0.052798003143902504,0.4215994308513666,1,1.0,250,500
IBIT,1,primary,184.6565471597585,0.846565471597585,-0.24388783699426453,1.5465300325251052,0.4698144193212025,264,521.0,250,500
IBIT,1,buy_and_hold,93.60625121313795,-0.06393748786862052,-0.3339644879739253,0.05254965812731952,0.4215883053139303,1,1.0,250,500
IBIT,2,primary,175.27953948770238,0.7527953948770238,-0.2532084715453604,1.434213760462368,0.4699546869218594,264,521.0,250,500
IBIT,2,buy_and_hold,93.59688965186038,-0.06403110348139618,-0.3339644879739254,0.052301296803101575,0.4215772055690323,1,1.0,250,500
ETHA,0,primary,356.97320996153053,2.5697320996153055,-0.4336406620261246,2.0943328191921613,0.7473961307052355,237,471.0,250,500
ETHA,0,buy_and_hold,88.76582248635725,-0.11234177513642751,-0.6057245024345139,0.21292320425017255,0.7479685418074677,1,1.0,250,500
ETHA,1,primary,340.54798515103204,2.40547985151032,-0.43871553239642247,2.030820508178818,0.7472386229504873,237,471.0,250,500
ETHA,1,buy_and_hold,88.7569459041085,-0.11243054095891492,-0.6057245024345133,0.21278499633906808,0.7479635916907363,1,1.0,250,500
ETHA,2,primary,324.8754739527283,2.2487547395272833,-0.4437459309822325,1.9672704984718574,0.7470873391514553,237,471.0,250,500
ETHA,2,buy_and_hold,88.7480693218597,-0.11251930678140298,-0.6057245024345139,0.2126467824956465,0.7479586560056234,1,1.0,250,500
